filename,label
Image_1.jpg,0
Image_2.jpg,0
Image_3.jpg,0
Image_4.jpg,0
Image_5.jpg,0
Image_6.jpg,0
Image_7.jpg,0
Image_8.jpg,0
Image_9.jpg,0
Image_10.jpg,0
Image_11.jpg,0
Image_12.jpg,0
Image_13.jpg,0
Image_14.jpg,0
Image_15.jpg,0
Image_16.jpg,0
Image_17.jpg,0
Image_18.jpg,0
Image_19.jpg,0
Image_20.jpg,0
Image_21.jpg,0
Image_22.jpg,0
Image_23.jpg,0
Image_24.jpg,0
Image_25.jpg,0
Image_26.jpg,0
Image_27.jpg,0
Image_28.jpg,0
Image_29.jpg,0
Image_30.jpg,0
Image_31.jpg,0
Image_32.jpg,0
Image_33.jpg,0
Image_34.jpg,0
Image_35.jpg,0
Image_36.jpg,0
Image_37.jpg,0
Image_38.jpg,0
Image_39.jpg,0
Image_40.jpg,0
Image_41.jpg,0
Image_42.jpg,0
Image_43.jpg,0
Image_44.jpg,0
Image_45.jpg,0
Image_46.jpg,0
Image_47.jpg,0
Image_48.jpg,0
Image_49.jpg,0
Image_50.jpg,0
Image_51.jpg,0
Image_52.jpg,0
Image_53.jpg,0
Image_54.jpg,0
Image_55.jpg,0
Image_56.jpg,0
Image_57.jpg,0
Image_58.jpg,0
Image_59.jpg,0
Image_60.jpg,0
Image_61.jpg,0
Image_62.jpg,0
Image_63.jpg,0
Image_64.jpg,0
Image_65.jpg,0
Image_66.jpg,0
Image_67.jpg,0
Image_68.jpg,0
Image_69.jpg,0
Image_70.jpg,0
Image_71.jpg,0
Image_72.jpg,0
Image_73.jpg,0
Image_74.jpg,0
Image_75.jpg,0
Image_76.jpg,0
Image_77.jpg,0
Image_78.jpg,0
Image_79.jpg,0
Image_80.jpg,0
Image_81.jpg,0
Image_82.jpg,0
Image_83.jpg,0
Image_84.jpg,0
Image_85.jpg,0
Image_86.jpg,0
Image_87.jpg,0
Image_88.jpg,0
Image_89.jpg,0
Image_90.jpg,0
Image_91.jpg,0
Image_92.jpg,0
Image_93.jpg,0
Image_94.jpg,0
Image_95.jpg,0
Image_96.jpg,0
Image_97.jpg,0
Image_98.jpg,0
Image_99.jpg,0
Image_100.jpg,0
Image_101.jpg,0
Image_102.jpg,0
Image_103.jpg,0
Image_104.jpg,0
Image_105.jpg,0
Image_106.jpg,0
Image_107.jpg,0
Image_108.jpg,0
Image_109.jpg,0
Image_110.jpg,0
Image_111.jpg,0
Image_112.jpg,0
Image_113.jpg,0
Image_114.jpg,0
Image_115.jpg,0
Image_116.jpg,0
Image_117.jpg,0
Image_118.jpg,0
Image_119.jpg,0
Image_120.jpg,0
Image_121.jpg,0
Image_122.jpg,0
Image_123.jpg,0
Image_124.jpg,0
Image_125.jpg,0
Image_126.jpg,0
Image_127.jpg,0
Image_128.jpg,0
Image_129.jpg,0
Image_130.jpg,0
Image_131.jpg,0
Image_132.jpg,0
Image_133.jpg,0
Image_134.jpg,0
Image_135.jpg,0
Image_136.jpg,0
Image_137.jpg,0
Image_138.jpg,0
Image_139.jpg,0
Image_140.jpg,0
Image_141.jpg,0
Image_142.jpg,0
Image_143.jpg,0
Image_144.jpg,0
Image_145.jpg,0
Image_146.jpg,0
Image_147.jpg,0
Image_148.jpg,0
Image_149.jpg,0
Image_150.jpg,0
Image_151.jpg,0
Image_152.jpg,0
Image_153.jpg,0
Image_154.jpg,0
Image_155.jpg,0
Image_156.jpg,0
Image_157.jpg,0
Image_158.jpg,0
Image_159.jpg,0
Image_160.jpg,0
Image_161.jpg,0
Image_162.jpg,0
Image_163.jpg,0
Image_164.jpg,0
Image_165.jpg,0
Image_166.jpg,0
Image_167.jpg,0
Image_168.jpg,0
Image_169.jpg,0
Image_170.jpg,0
Image_171.jpg,0
Image_172.jpg,0
Image_173.jpg,0
Image_174.jpg,0
Image_175.jpg,0
Image_176.jpg,0
Image_177.jpg,0
Image_178.jpg,0
Image_179.jpg,0
Image_180.jpg,0
Image_181.jpg,0
Image_182.jpg,0
Image_183.jpg,0
Image_184.jpg,0
Image_185.jpg,0
Image_186.jpg,0
Image_187.jpg,0
Image_188.jpg,0
Image_189.jpg,0
Image_190.jpg,0
Image_191.jpg,0
Image_192.jpg,0
Image_193.jpg,0
Image_194.jpg,0
Image_195.jpg,0
Image_196.jpg,0
Image_197.jpg,0
Image_198.jpg,0
Image_199.jpg,0
Image_200.jpg,0
Image_201.jpg,0
Image_202.jpg,0
Image_203.jpg,0
Image_204.jpg,0
Image_205.jpg,0
Image_206.jpg,0
Image_207.jpg,0
Image_208.jpg,0
Image_209.jpg,0
Image_210.jpg,0
Image_211.jpg,0
Image_212.jpg,0
Image_213.jpg,0
Image_214.jpg,0
Image_215.jpg,0
Image_216.jpg,0
Image_217.jpg,0
Image_218.jpg,0
Image_219.jpg,0
Image_220.jpg,0
Image_221.jpg,0
Image_222.jpg,0
Image_223.jpg,0
Image_224.jpg,0
Image_225.jpg,0
Image_226.jpg,0
Image_227.jpg,0
Image_228.jpg,0
Image_229.jpg,0
Image_230.jpg,0
Image_231.jpg,0
Image_232.jpg,0
Image_233.jpg,0
Image_234.jpg,0
Image_235.jpg,0
Image_236.jpg,0
Image_237.jpg,0
Image_238.jpg,0
Image_239.jpg,0
Image_240.jpg,0
Image_241.jpg,0
Image_242.jpg,0
Image_243.jpg,0
Image_244.jpg,0
Image_245.jpg,0
Image_246.jpg,0
Image_247.jpg,0
Image_248.jpg,0
Image_249.jpg,0
Image_250.jpg,0
Image_251.jpg,0
Image_252.jpg,0
Image_253.jpg,0
Image_254.jpg,0
Image_255.jpg,0
Image_256.jpg,0
Image_257.jpg,0
Image_258.jpg,0
Image_259.jpg,0
Image_260.jpg,0
Image_261.jpg,0
Image_262.jpg,0
Image_263.jpg,0
Image_264.jpg,0
Image_265.jpg,0
Image_266.jpg,0
Image_267.jpg,0
Image_268.jpg,0
Image_269.jpg,0
Image_270.jpg,0
Image_271.jpg,0
Image_272.jpg,0
Image_273.jpg,0
Image_274.jpg,0
Image_275.jpg,0
Image_276.jpg,0
Image_277.jpg,0
Image_278.jpg,0
Image_279.jpg,0
Image_280.jpg,0
Image_281.jpg,0
Image_282.jpg,0
Image_283.jpg,0
Image_284.jpg,0
Image_285.jpg,0
Image_286.jpg,0
Image_287.jpg,0
Image_288.jpg,0
Image_289.jpg,0
Image_290.jpg,0
Image_291.jpg,0
Image_292.jpg,0
Image_293.jpg,0
Image_294.jpg,0
Image_295.jpg,0
Image_296.jpg,0
Image_297.jpg,0
Image_298.jpg,0
Image_299.jpg,0
Image_300.jpg,0
Image_301.jpg,0
Image_302.jpg,0
Image_303.jpg,0
Image_304.jpg,0
Image_305.jpg,0
Image_306.jpg,0
Image_307.jpg,0
Image_308.jpg,0
Image_309.jpg,0
Image_310.jpg,0
Image_311.jpg,0
Image_312.jpg,0
Image_313.jpg,0
Image_314.jpg,0
Image_315.jpg,0
Image_316.jpg,0
Image_317.jpg,0
Image_318.jpg,0
Image_319.jpg,0
Image_320.jpg,0
Image_321.jpg,0
Image_322.jpg,0
Image_323.jpg,0
Image_324.jpg,0
Image_325.jpg,0
Image_326.jpg,0
Image_327.jpg,0
Image_328.jpg,0
Image_329.jpg,0
Image_330.jpg,0
Image_331.jpg,0
Image_332.jpg,0
Image_333.jpg,0
Image_334.jpg,0
Image_335.jpg,0
Image_336.jpg,0
Image_337.jpg,0
Image_338.jpg,0
Image_339.jpg,0
Image_340.jpg,0
Image_341.jpg,0
Image_342.jpg,0
Image_343.jpg,0
Image_344.jpg,0
Image_345.jpg,0
Image_346.jpg,0
Image_347.jpg,0
Image_348.jpg,0
Image_349.jpg,0
Image_350.jpg,0
Image_351.jpg,0
Image_352.jpg,0
Image_353.jpg,0
Image_354.jpg,0
Image_355.jpg,0
Image_356.jpg,0
Image_357.jpg,0
Image_358.jpg,0
Image_359.jpg,0
Image_360.jpg,0
Image_361.jpg,0
Image_362.jpg,0
Image_363.jpg,0
Image_364.jpg,0
Image_365.jpg,0
Image_366.jpg,0
Image_367.jpg,0
Image_368.jpg,0
Image_369.jpg,0
Image_370.jpg,0
Image_371.jpg,0
Image_372.jpg,0
Image_373.jpg,0
Image_374.jpg,0
Image_375.jpg,0
Image_376.jpg,0
Image_377.jpg,0
Image_378.jpg,0
Image_379.jpg,0
Image_380.jpg,0
Image_381.jpg,0
Image_382.jpg,0
Image_383.jpg,0
Image_384.jpg,0
Image_385.jpg,0
Image_386.jpg,0
Image_387.jpg,0
Image_388.jpg,0
Image_389.jpg,0
Image_390.jpg,0
Image_391.jpg,0
Image_392.jpg,0
Image_393.jpg,0
Image_394.jpg,0
Image_395.jpg,0
Image_396.jpg,0
Image_397.jpg,0
Image_398.jpg,0
Image_399.jpg,0
Image_400.jpg,0
Image_401.jpg,0
Image_402.jpg,0
Image_403.jpg,0
Image_404.jpg,0
Image_405.jpg,0
Image_406.jpg,0
Image_407.jpg,0
Image_408.jpg,0
Image_409.jpg,0
Image_410.jpg,0
Image_411.jpg,0
Image_412.jpg,0
Image_413.jpg,0
Image_414.jpg,0
Image_415.jpg,0
Image_416.jpg,0
Image_417.jpg,0
Image_418.jpg,0
Image_419.jpg,0
Image_420.jpg,0
Image_421.jpg,0
Image_422.jpg,0
Image_423.jpg,0
Image_424.jpg,0
Image_425.jpg,0
Image_426.jpg,0
Image_427.jpg,0
Image_428.jpg,0
Image_429.jpg,0
Image_430.jpg,0
Image_431.jpg,0
Image_432.jpg,0
Image_433.jpg,0
Image_434.jpg,0
Image_435.jpg,0
Image_436.jpg,0
Image_437.jpg,0
Image_438.jpg,0
Image_439.jpg,0
Image_440.jpg,0
Image_441.jpg,0
Image_442.jpg,0
Image_443.jpg,0
Image_444.jpg,0
Image_445.jpg,0
Image_446.jpg,0
Image_447.jpg,0
Image_448.jpg,0
Image_449.jpg,0
Image_450.jpg,0
Image_451.jpg,0
Image_452.jpg,0
Image_453.jpg,0
Image_454.jpg,0
Image_455.jpg,0
Image_456.jpg,0
Image_457.jpg,0
Image_458.jpg,0
Image_459.jpg,0
Image_460.jpg,0
Image_461.jpg,0
Image_462.jpg,0
Image_463.jpg,0
Image_464.jpg,0
Image_465.jpg,0
Image_466.jpg,0
Image_467.jpg,0
Image_468.jpg,0
Image_469.jpg,0
Image_470.jpg,0
Image_471.jpg,0
Image_472.jpg,0
Image_473.jpg,0
Image_474.jpg,0
Image_475.jpg,0
Image_476.jpg,0
Image_477.jpg,0
Image_478.jpg,0
Image_479.jpg,0
Image_480.jpg,0
Image_481.jpg,0
Image_482.jpg,0
Image_483.jpg,0
Image_484.jpg,0
Image_485.jpg,0
Image_486.jpg,0
Image_487.jpg,0
Image_488.jpg,0
Image_489.jpg,0
Image_490.jpg,0
Image_491.jpg,0
Image_492.jpg,0
Image_493.jpg,0
Image_494.jpg,0
Image_495.jpg,0
Image_496.jpg,0
Image_497.jpg,0
Image_498.jpg,0
Image_499.jpg,0
Image_500.jpg,0
Image_501.jpg,0
Image_502.jpg,0
Image_503.jpg,0
Image_504.jpg,0
Image_505.jpg,0
Image_506.jpg,0
Image_507.jpg,0
Image_508.jpg,0
Image_509.jpg,0
Image_510.jpg,0
Image_511.jpg,0
Image_512.jpg,0
Image_513.jpg,0
Image_514.jpg,0
Image_515.jpg,0
Image_516.jpg,0
Image_517.jpg,0
Image_518.jpg,0
Image_519.jpg,0
Image_520.jpg,0
Image_521.jpg,0
Image_522.jpg,0
Image_523.jpg,0
Image_524.jpg,0
Image_525.jpg,0
Image_526.jpg,0
Image_527.jpg,0
Image_528.jpg,0
Image_529.jpg,0
Image_530.jpg,0
Image_531.jpg,0
Image_532.jpg,0
Image_533.jpg,0
Image_534.jpg,0
Image_535.jpg,0
Image_536.jpg,0
Image_537.jpg,0
Image_538.jpg,0
Image_539.jpg,0
Image_540.jpg,0
Image_541.jpg,0
Image_542.jpg,0
Image_543.jpg,0
Image_544.jpg,0
Image_545.jpg,0
Image_546.jpg,0
Image_547.jpg,0
Image_548.jpg,0
Image_549.jpg,0
Image_550.jpg,0
Image_551.jpg,0
Image_552.jpg,0
Image_553.jpg,0
Image_554.jpg,0
Image_555.jpg,0
Image_556.jpg,0
Image_557.jpg,0
Image_558.jpg,0
Image_559.jpg,0
Image_560.jpg,0
Image_561.jpg,0
Image_562.jpg,0
Image_563.jpg,0
Image_564.jpg,0
Image_565.jpg,0
Image_566.jpg,0
Image_567.jpg,0
Image_568.jpg,0
Image_569.jpg,0
Image_570.jpg,0
Image_571.jpg,0
Image_572.jpg,0
Image_573.jpg,0
Image_574.jpg,0
Image_575.jpg,0
Image_576.jpg,0
Image_577.jpg,0
Image_578.jpg,0
Image_579.jpg,0
Image_580.jpg,0
Image_581.jpg,0
Image_582.jpg,0
Image_583.jpg,0
Image_584.jpg,0
Image_585.jpg,0
Image_586.jpg,0
Image_587.jpg,0
Image_588.jpg,0
Image_589.jpg,0
Image_590.jpg,0
Image_591.jpg,0
Image_592.jpg,0
Image_593.jpg,0
Image_594.jpg,0
Image_595.jpg,0
Image_596.jpg,0
Image_597.jpg,0
Image_598.jpg,0
Image_599.jpg,0
Image_600.jpg,0
Image_601.jpg,0
Image_602.jpg,0
Image_603.jpg,0
Image_604.jpg,0
Image_605.jpg,0
Image_606.jpg,0
Image_607.jpg,0
Image_608.jpg,0
Image_609.jpg,0
Image_610.jpg,0
Image_611.jpg,0
Image_612.jpg,0
Image_613.jpg,0
Image_614.jpg,0
Image_615.jpg,0
Image_616.jpg,0
Image_617.jpg,0
Image_618.jpg,0
Image_619.jpg,0
Image_620.jpg,0
Image_621.jpg,0
Image_622.jpg,0
Image_623.jpg,0
Image_624.jpg,0
Image_625.jpg,0
Image_626.jpg,0
Image_627.jpg,0
Image_628.jpg,0
Image_629.jpg,0
Image_630.jpg,0
Image_631.jpg,0
Image_632.jpg,0
Image_633.jpg,0
Image_634.jpg,0
Image_635.jpg,0
Image_636.jpg,0
Image_637.jpg,0
Image_638.jpg,0
Image_639.jpg,0
Image_640.jpg,0
Image_641.jpg,0
Image_642.jpg,0
Image_643.jpg,0
Image_644.jpg,0
Image_645.jpg,0
Image_646.jpg,0
Image_647.jpg,0
Image_648.jpg,0
Image_649.jpg,0
Image_650.jpg,0
Image_651.jpg,0
Image_652.jpg,0
Image_653.jpg,0
Image_654.jpg,0
Image_655.jpg,0
Image_656.jpg,0
Image_657.jpg,0
Image_658.jpg,0
Image_659.jpg,0
Image_660.jpg,0
Image_661.jpg,0
Image_662.jpg,0
Image_663.jpg,0
Image_664.jpg,0
Image_665.jpg,0
Image_666.jpg,0
Image_667.jpg,0
Image_668.jpg,0
Image_669.jpg,0
Image_670.jpg,0
Image_671.jpg,0
Image_672.jpg,0
Image_673.jpg,0
Image_674.jpg,0
Image_675.jpg,0
Image_676.jpg,0
Image_677.jpg,0
Image_678.jpg,0
Image_679.jpg,0
Image_680.jpg,0
Image_681.jpg,0
Image_682.jpg,0
Image_683.jpg,0
Image_684.jpg,0
Image_685.jpg,0
Image_686.jpg,0
Image_687.jpg,0
Image_688.jpg,0
Image_689.jpg,0
Image_690.jpg,0
Image_691.jpg,0
Image_692.jpg,0
Image_693.jpg,0
Image_694.jpg,0
Image_695.jpg,0
Image_696.jpg,0
Image_697.jpg,0
Image_698.jpg,0
Image_699.jpg,0
Image_700.jpg,0
Image_701.jpg,0
Image_702.jpg,0
Image_703.jpg,0
Image_704.jpg,0
Image_705.jpg,0
Image_706.jpg,0
Image_707.jpg,0
Image_708.jpg,0
Image_709.jpg,0
Image_710.jpg,0
Image_711.jpg,0
Image_712.jpg,0
Image_713.jpg,0
Image_714.jpg,0
Image_715.jpg,0
Image_716.jpg,0
Image_717.jpg,0
Image_718.jpg,0
Image_719.jpg,0
Image_720.jpg,0
Image_721.jpg,0
Image_722.jpg,0
Image_723.jpg,0
Image_724.jpg,0
Image_725.jpg,0
Image_726.jpg,0
Image_727.jpg,0
Image_728.jpg,0
Image_729.jpg,0
Image_730.jpg,0
Image_731.jpg,0
Image_732.jpg,0
Image_733.jpg,0
Image_734.jpg,0
Image_735.jpg,0
Image_736.jpg,0
Image_737.jpg,0
Image_738.jpg,0
Image_739.jpg,0
Image_740.jpg,0
Image_741.jpg,0
Image_742.jpg,0
Image_743.jpg,0
Image_744.jpg,0
Image_745.jpg,0
Image_746.jpg,0
Image_747.jpg,0
Image_748.jpg,0
Image_749.jpg,0
Image_750.jpg,0
Image_751.jpg,0
Image_752.jpg,0
Image_753.jpg,0
Image_754.jpg,0
Image_755.jpg,0
Image_756.jpg,0
Image_757.jpg,0
Image_758.jpg,0
Image_759.jpg,0
Image_760.jpg,0
Image_761.jpg,0
Image_762.jpg,0
Image_763.jpg,0
Image_764.jpg,0
Image_765.jpg,0
Image_766.jpg,0
Image_767.jpg,0
Image_768.jpg,0
Image_769.jpg,0
Image_770.jpg,0
Image_771.jpg,0
Image_772.jpg,0
Image_773.jpg,0
Image_774.jpg,0
Image_775.jpg,0
Image_776.jpg,0
Image_777.jpg,0
Image_778.jpg,0
Image_779.jpg,0
Image_780.jpg,0
Image_781.jpg,0
Image_782.jpg,0
Image_783.jpg,0
Image_784.jpg,0
Image_785.jpg,0
Image_786.jpg,0
Image_787.jpg,0
Image_788.jpg,0
Image_789.jpg,0
Image_790.jpg,0
Image_791.jpg,0
Image_792.jpg,0
Image_793.jpg,0
Image_794.jpg,0
Image_795.jpg,0
Image_796.jpg,0
Image_797.jpg,0
Image_798.jpg,0
Image_799.jpg,0
Image_800.jpg,0
Image_801.jpg,0
Image_802.jpg,0
Image_803.jpg,0
Image_804.jpg,0
Image_805.jpg,0
Image_806.jpg,0
Image_807.jpg,0
Image_808.jpg,0
Image_809.jpg,0
Image_810.jpg,0
Image_811.jpg,0
Image_812.jpg,0
Image_813.jpg,0
Image_814.jpg,0
Image_815.jpg,0
Image_816.jpg,0
Image_817.jpg,0
Image_818.jpg,0
Image_819.jpg,0
Image_820.jpg,0
Image_821.jpg,0
Image_822.jpg,0
Image_823.jpg,0
Image_824.jpg,0
Image_825.jpg,0
Image_826.jpg,0
Image_827.jpg,0
Image_828.jpg,0
Image_829.jpg,0
Image_830.jpg,0
Image_831.jpg,0
Image_832.jpg,0
Image_833.jpg,0
Image_834.jpg,0
Image_835.jpg,0
Image_836.jpg,0
Image_837.jpg,0
Image_838.jpg,0
Image_839.jpg,0
Image_840.jpg,0
Image_841.jpg,0
Image_842.jpg,0
Image_843.jpg,0
Image_844.jpg,0
Image_845.jpg,0
Image_846.jpg,0
Image_847.jpg,0
Image_848.jpg,0
Image_849.jpg,0
Image_850.jpg,0
Image_851.jpg,0
Image_852.jpg,0
Image_853.jpg,0
Image_854.jpg,0
Image_855.jpg,0
Image_856.jpg,0
Image_857.jpg,0
Image_858.jpg,0
Image_859.jpg,0
Image_860.jpg,0
Image_861.jpg,0
Image_862.jpg,0
Image_863.jpg,0
Image_864.jpg,0
Image_865.jpg,0
Image_866.jpg,0
Image_867.jpg,0
Image_868.jpg,0
Image_869.jpg,0
Image_870.jpg,0
Image_871.jpg,0
Image_872.jpg,0
Image_873.jpg,0
Image_874.jpg,0
Image_875.jpg,0
Image_876.jpg,0
Image_877.jpg,0
Image_878.jpg,0
Image_879.jpg,0
Image_880.jpg,0
Image_881.jpg,0
Image_882.jpg,0
Image_883.jpg,0
Image_884.jpg,0
Image_885.jpg,0
Image_886.jpg,0
Image_887.jpg,0
Image_888.jpg,0
Image_889.jpg,0
Image_890.jpg,0
Image_891.jpg,0
Image_892.jpg,0
Image_893.jpg,0
Image_894.jpg,0
Image_895.jpg,0
Image_896.jpg,0
Image_897.jpg,0
Image_898.jpg,0
Image_899.jpg,0
Image_900.jpg,0
Image_901.jpg,0
Image_902.jpg,0
Image_903.jpg,0
Image_904.jpg,0
Image_905.jpg,0
Image_906.jpg,0
Image_907.jpg,0
Image_908.jpg,0
Image_909.jpg,0
Image_910.jpg,0
Image_911.jpg,0
Image_912.jpg,0
Image_913.jpg,0
Image_914.jpg,0
Image_915.jpg,0
Image_916.jpg,0
Image_917.jpg,0
Image_918.jpg,0
Image_919.jpg,0
Image_920.jpg,0
Image_921.jpg,0
Image_922.jpg,0
Image_923.jpg,0
Image_924.jpg,0
Image_925.jpg,0
Image_926.jpg,0
Image_927.jpg,0
Image_928.jpg,0
Image_929.jpg,0
Image_930.jpg,0
Image_931.jpg,0
Image_932.jpg,0
Image_933.jpg,0
Image_934.jpg,0
Image_935.jpg,0
Image_936.jpg,0
Image_937.jpg,0
Image_938.jpg,0
Image_939.jpg,0
Image_940.jpg,0
Image_941.jpg,0
Image_942.jpg,0
Image_943.jpg,0
Image_944.jpg,0
Image_945.jpg,0
Image_946.jpg,0
Image_947.jpg,0
Image_948.jpg,0
Image_949.jpg,0
Image_950.jpg,0
Image_951.jpg,0
Image_952.jpg,0
Image_953.jpg,0
Image_954.jpg,0
Image_955.jpg,0
Image_956.jpg,0
Image_957.jpg,0
Image_958.jpg,0
Image_959.jpg,0
Image_960.jpg,0
Image_961.jpg,0
Image_962.jpg,0
Image_963.jpg,0
Image_964.jpg,0
Image_965.jpg,0
Image_966.jpg,0
Image_967.jpg,0
Image_968.jpg,0
Image_969.jpg,0
Image_970.jpg,0
Image_971.jpg,0
Image_972.jpg,0
Image_973.jpg,0
Image_974.jpg,0
Image_975.jpg,0
Image_976.jpg,0
Image_977.jpg,0
Image_978.jpg,0
Image_979.jpg,0
Image_980.jpg,0
Image_981.jpg,0
Image_982.jpg,0
Image_983.jpg,0
Image_984.jpg,0
Image_985.jpg,0
Image_986.jpg,0
Image_987.jpg,0
Image_988.jpg,0
Image_989.jpg,0
Image_990.jpg,0
Image_991.jpg,0
Image_992.jpg,0
Image_993.jpg,0
Image_994.jpg,0
Image_995.jpg,0
Image_996.jpg,0
Image_997.jpg,0
Image_998.jpg,0
Image_999.jpg,0
Image_1000.jpg,0
Image_1001.jpg,0
Image_1002.jpg,0
Image_1003.jpg,0
Image_1004.jpg,0
Image_1005.jpg,0
Image_1006.jpg,0
Image_1007.jpg,0
Image_1008.jpg,0
Image_1009.jpg,0
Image_1010.jpg,0
Image_1011.jpg,0
Image_1012.jpg,0
Image_1013.jpg,0
Image_1014.jpg,0
Image_1015.jpg,0
Image_1016.jpg,0
Image_1017.jpg,0
Image_1018.jpg,0
Image_1019.jpg,0
Image_1020.jpg,0
Image_1021.jpg,0
Image_1022.jpg,0
Image_1023.jpg,0
Image_1024.jpg,0
Image_1025.jpg,0
Image_1026.jpg,0
Image_1027.jpg,0
Image_1028.jpg,0
Image_1029.jpg,0
Image_1030.jpg,0
Image_1031.jpg,0
Image_1032.jpg,0
Image_1033.jpg,0
Image_1034.jpg,0
Image_1035.jpg,0
Image_1036.jpg,0
Image_1037.jpg,0
Image_1038.jpg,0
Image_1039.jpg,0
Image_1040.jpg,0
Image_1041.jpg,0
Image_1042.jpg,0
Image_1043.jpg,0
Image_1044.jpg,0
Image_1045.jpg,0
Image_1046.jpg,0
Image_1047.jpg,0
Image_1048.jpg,0
Image_1049.jpg,0
Image_1050.jpg,0
Image_1051.jpg,0
Image_1052.jpg,0
Image_1053.jpg,0
Image_1054.jpg,0
Image_1055.jpg,0
Image_1056.jpg,0
Image_1057.jpg,0
Image_1058.jpg,0
Image_1059.jpg,0
Image_1060.jpg,0
Image_1061.jpg,0
Image_1062.jpg,0
Image_1063.jpg,0
Image_1064.jpg,0
Image_1065.jpg,0
Image_1066.jpg,0
Image_1067.jpg,0
Image_1068.jpg,0
Image_1069.jpg,0
Image_1070.jpg,0
Image_1071.jpg,0
Image_1072.jpg,0
Image_1073.jpg,0
Image_1074.jpg,0
Image_1075.jpg,0
Image_1076.jpg,0
Image_1077.jpg,0
Image_1078.jpg,0
Image_1079.jpg,0
Image_1080.jpg,0
Image_1081.jpg,0
Image_1082.jpg,0
Image_1083.jpg,0
Image_1084.jpg,0
Image_1085.jpg,0
Image_1086.jpg,0
Image_1087.jpg,0
Image_1088.jpg,0
Image_1089.jpg,0
Image_1090.jpg,0
Image_1091.jpg,0
Image_1092.jpg,0
Image_1093.jpg,0
Image_1094.jpg,0
Image_1095.jpg,0
Image_1096.jpg,0
Image_1097.jpg,0
Image_1098.jpg,0
Image_1099.jpg,0
Image_1100.jpg,0
Image_1101.jpg,0
Image_1102.jpg,0
Image_1103.jpg,0
Image_1104.jpg,0
Image_1105.jpg,0
Image_1106.jpg,0
Image_1107.jpg,0
Image_1108.jpg,0
Image_1109.jpg,0
Image_1110.jpg,0
Image_1111.jpg,0
Image_1112.jpg,0
Image_1113.jpg,0
Image_1114.jpg,0
Image_1115.jpg,0
Image_1116.jpg,0
Image_1117.jpg,0
Image_1118.jpg,0
Image_1119.jpg,0
Image_1120.jpg,0
Image_1121.jpg,0
Image_1122.jpg,0
Image_1123.jpg,0
Image_1124.jpg,0
Image_1125.jpg,0
Image_1126.jpg,0
Image_1127.jpg,0
Image_1128.jpg,0
Image_1129.jpg,0
Image_1130.jpg,0
Image_1131.jpg,0
Image_1132.jpg,0
Image_1133.jpg,0
Image_1134.jpg,0
Image_1135.jpg,0
Image_1136.jpg,0
Image_1137.jpg,0
Image_1138.jpg,0
Image_1139.jpg,0
Image_1140.jpg,0
Image_1141.jpg,0
Image_1142.jpg,0
Image_1143.jpg,0
Image_1144.jpg,0
Image_1145.jpg,0
Image_1146.jpg,0
Image_1147.jpg,0
Image_1148.jpg,0
Image_1149.jpg,0
Image_1150.jpg,0
Image_1151.jpg,0
Image_1152.jpg,0
Image_1153.jpg,0
Image_1154.jpg,0
Image_1155.jpg,0
Image_1156.jpg,0
Image_1157.jpg,0
Image_1158.jpg,0
Image_1159.jpg,0
Image_1160.jpg,0
Image_1161.jpg,0
Image_1162.jpg,0
Image_1163.jpg,0
Image_1164.jpg,0
Image_1165.jpg,0
Image_1166.jpg,0
Image_1167.jpg,0
Image_1168.jpg,0
Image_1169.jpg,0
Image_1170.jpg,0
Image_1171.jpg,0
Image_1172.jpg,0
Image_1173.jpg,0
Image_1174.jpg,0
Image_1175.jpg,0
Image_1176.jpg,0
Image_1177.jpg,0
Image_1178.jpg,0
Image_1179.jpg,0
Image_1180.jpg,0
Image_1181.jpg,0
Image_1182.jpg,0
Image_1183.jpg,0
Image_1184.jpg,0
Image_1185.jpg,0
Image_1186.jpg,0
Image_1187.jpg,0
Image_1188.jpg,0
Image_1189.jpg,0
Image_1190.jpg,0
Image_1191.jpg,0
Image_1192.jpg,0
Image_1193.jpg,0
Image_1194.jpg,0
Image_1195.jpg,0
Image_1196.jpg,0
Image_1197.jpg,0
Image_1198.jpg,0
Image_1199.jpg,0
Image_1200.jpg,0
Image_1201.jpg,0
Image_1202.jpg,0
Image_1203.jpg,0
Image_1204.jpg,0
Image_1205.jpg,0
Image_1206.jpg,0
Image_1207.jpg,0
Image_1208.jpg,0
Image_1209.jpg,0
Image_1210.jpg,0
Image_1211.jpg,0
Image_1212.jpg,0
Image_1213.jpg,0
Image_1214.jpg,0
Image_1215.jpg,0
Image_1216.jpg,0
Image_1217.jpg,0
Image_1218.jpg,0
Image_1219.jpg,0
Image_1220.jpg,0
Image_1221.jpg,0
Image_1222.jpg,0
Image_1223.jpg,0
Image_1224.jpg,0
Image_1225.jpg,0
Image_1226.jpg,0
Image_1227.jpg,0
Image_1228.jpg,0
Image_1229.jpg,0
Image_1230.jpg,0
Image_1231.jpg,0
Image_1232.jpg,0
Image_1233.jpg,0
Image_1234.jpg,0
Image_1235.jpg,0
Image_1236.jpg,0
Image_1237.jpg,0
Image_1238.jpg,0
Image_1239.jpg,0
Image_1240.jpg,0
Image_1241.jpg,0
Image_1242.jpg,0
Image_1243.jpg,0
Image_1244.jpg,0
Image_1245.jpg,0
Image_1246.jpg,0
Image_1247.jpg,0
Image_1248.jpg,0
Image_1249.jpg,0
Image_1250.jpg,0
Image_1251.jpg,0
Image_1252.jpg,0
Image_1253.jpg,0
Image_1254.jpg,0
Image_1255.jpg,0
Image_1256.jpg,0
Image_1257.jpg,0
Image_1258.jpg,0
Image_1259.jpg,0
Image_1260.jpg,0
Image_1261.jpg,0
Image_1262.jpg,0
Image_1263.jpg,0
Image_1264.jpg,0
Image_1265.jpg,0
Image_1266.jpg,0
Image_1267.jpg,0
Image_1268.jpg,0
Image_1269.jpg,0
Image_1270.jpg,0
Image_1271.jpg,0
Image_1272.jpg,0
Image_1273.jpg,0
Image_1274.jpg,0
Image_1275.jpg,0
Image_1276.jpg,0
Image_1277.jpg,0
Image_1278.jpg,0
Image_1279.jpg,0
Image_1280.jpg,0
Image_1281.jpg,0
Image_1282.jpg,0
Image_1283.jpg,0
Image_1284.jpg,0
Image_1285.jpg,0
Image_1286.jpg,0
Image_1287.jpg,0
Image_1288.jpg,0
Image_1289.jpg,0
Image_1290.jpg,0
Image_1291.jpg,0
Image_1292.jpg,0
Image_1293.jpg,0
Image_1294.jpg,0
Image_1295.jpg,0
Image_1296.jpg,0
Image_1297.jpg,0
Image_1298.jpg,0
Image_1299.jpg,0
Image_1300.jpg,0
Image_1301.jpg,0
Image_1302.jpg,0
Image_1303.jpg,0
Image_1304.jpg,0
Image_1305.jpg,0
Image_1306.jpg,0
Image_1307.jpg,0
Image_1308.jpg,0
Image_1309.jpg,0
Image_1310.jpg,0
Image_1311.jpg,0
Image_1312.jpg,0
Image_1313.jpg,0
Image_1314.jpg,0
Image_1315.jpg,0
Image_1316.jpg,0
Image_1317.jpg,0
Image_1318.jpg,0
Image_1319.jpg,0
Image_1320.jpg,0
Image_1321.jpg,0
Image_1322.jpg,0
Image_1323.jpg,0
Image_1324.jpg,0
Image_1325.jpg,0
Image_1326.jpg,0
Image_1327.jpg,0
Image_1328.jpg,0
Image_1329.jpg,0
Image_1330.jpg,0
Image_1331.jpg,0
Image_1332.jpg,0
Image_1333.jpg,0
Image_1334.jpg,0
Image_1335.jpg,0
Image_1336.jpg,0
Image_1337.jpg,0
Image_1338.jpg,0
Image_1339.jpg,0
Image_1340.jpg,0
Image_1341.jpg,0
Image_1342.jpg,0
Image_1343.jpg,0
Image_1344.jpg,0
Image_1345.jpg,0
Image_1346.jpg,0
Image_1347.jpg,0
Image_1348.jpg,0
Image_1349.jpg,0
Image_1350.jpg,0
Image_1351.jpg,0
Image_1352.jpg,0
Image_1353.jpg,0
Image_1354.jpg,0
Image_1355.jpg,0
Image_1356.jpg,0
Image_1357.jpg,0
Image_1358.jpg,0
Image_1359.jpg,0
Image_1360.jpg,0
Image_1361.jpg,0
Image_1362.jpg,0
Image_1363.jpg,0
Image_1364.jpg,0
Image_1365.jpg,0
Image_1366.jpg,0
Image_1367.jpg,0
Image_1368.jpg,0
Image_1369.jpg,0
Image_1370.jpg,0
Image_1371.jpg,0
Image_1372.jpg,0
Image_1373.jpg,0
Image_1374.jpg,0
Image_1375.jpg,0
Image_1376.jpg,0
Image_1377.jpg,0
Image_1378.jpg,0
Image_1379.jpg,0
Image_1380.jpg,0
Image_1381.jpg,0
Image_1382.jpg,0
Image_1383.jpg,0
Image_1384.jpg,0
Image_1385.jpg,0
Image_1386.jpg,0
Image_1387.jpg,0
Image_1388.jpg,0
Image_1389.jpg,0
Image_1390.jpg,0
Image_1391.jpg,0
Image_1392.jpg,0
Image_1393.jpg,0
Image_1394.jpg,0
Image_1395.jpg,0
Image_1396.jpg,0
Image_1397.jpg,0
Image_1398.jpg,0
Image_1399.jpg,0
Image_1400.jpg,0
Image_1401.jpg,0
Image_1402.jpg,0
Image_1403.jpg,0
Image_1404.jpg,0
Image_1405.jpg,0
Image_1406.jpg,0
Image_1407.jpg,0
Image_1408.jpg,0
Image_1409.jpg,0
Image_1410.jpg,0
Image_1411.jpg,0
Image_1412.jpg,0
Image_1413.jpg,0
Image_1414.jpg,0
Image_1415.jpg,0
Image_1416.jpg,0
Image_1417.jpg,0
Image_1418.jpg,0
Image_1419.jpg,0
Image_1420.jpg,0
Image_1421.jpg,0
Image_1422.jpg,0
Image_1423.jpg,0
Image_1424.jpg,0
Image_1425.jpg,0
Image_1426.jpg,0
Image_1427.jpg,0
Image_1428.jpg,0
Image_1429.jpg,0
Image_1430.jpg,0
Image_1431.jpg,0
Image_1432.jpg,0
Image_1433.jpg,0
Image_1434.jpg,0
Image_1435.jpg,0
Image_1436.jpg,0
Image_1437.jpg,0
Image_1438.jpg,0
Image_1439.jpg,0
Image_1440.jpg,0
Image_1441.jpg,0
Image_1442.jpg,0
Image_1443.jpg,0
Image_1444.jpg,0
Image_1445.jpg,0
Image_1446.jpg,0
Image_1447.jpg,0
Image_1448.jpg,0
Image_1449.jpg,0
Image_1450.jpg,0
Image_1451.jpg,0
Image_1452.jpg,0
Image_1453.jpg,0
Image_1454.jpg,0
Image_1455.jpg,0
Image_1456.jpg,0
Image_1457.jpg,0
Image_1458.jpg,0
Image_1459.jpg,0
Image_1460.jpg,0
Image_1461.jpg,0
Image_1462.jpg,0
Image_1463.jpg,0
Image_1464.jpg,0
Image_1465.jpg,0
Image_1466.jpg,0
Image_1467.jpg,0
Image_1468.jpg,0
Image_1469.jpg,0
Image_1470.jpg,0
Image_1471.jpg,0
Image_1472.jpg,0
Image_1473.jpg,0
Image_1474.jpg,0
Image_1475.jpg,0
Image_1476.jpg,0
Image_1477.jpg,0
Image_1478.jpg,0
Image_1479.jpg,0
Image_1480.jpg,0
Image_1481.jpg,0
Image_1482.jpg,0
Image_1483.jpg,0
Image_1484.jpg,0
Image_1485.jpg,0
Image_1486.jpg,0
Image_1487.jpg,0
Image_1488.jpg,0
Image_1489.jpg,0
Image_1490.jpg,0
Image_1491.jpg,0
Image_1492.jpg,0
Image_1493.jpg,0
Image_1494.jpg,0
Image_1495.jpg,0
Image_1496.jpg,0
Image_1497.jpg,0
Image_1498.jpg,0
Image_1499.jpg,0
Image_1500.jpg,0
Image_1501.jpg,0
Image_1502.jpg,0
Image_1503.jpg,0
Image_1504.jpg,0
Image_1505.jpg,0
Image_1506.jpg,0
Image_1507.jpg,0
Image_1508.jpg,0
Image_1509.jpg,0
Image_1510.jpg,0
Image_1511.jpg,0
Image_1512.jpg,0
Image_1513.jpg,0
Image_1514.jpg,0
Image_1515.jpg,0
Image_1516.jpg,0
Image_1517.jpg,0
Image_1518.jpg,0
Image_1519.jpg,0
Image_1520.jpg,0
Image_1521.jpg,0
Image_1522.jpg,0
Image_1523.jpg,0
Image_1524.jpg,0
Image_1525.jpg,0
Image_1526.jpg,0
Image_1527.jpg,0
Image_1528.jpg,0
Image_1529.jpg,0
Image_1530.jpg,0
Image_1531.jpg,0
Image_1532.jpg,0
Image_1533.jpg,0
Image_1534.jpg,0
Image_1535.jpg,0
Image_1536.jpg,0
Image_1537.jpg,0
Image_1538.jpg,0
Image_1539.jpg,0
Image_1540.jpg,0
Image_1541.jpg,0
Image_1542.jpg,0
Image_1543.jpg,0
Image_1544.jpg,0
Image_1545.jpg,0
Image_1546.jpg,0
Image_1547.jpg,0
Image_1548.jpg,0
Image_1549.jpg,0
Image_1550.jpg,0
Image_1551.jpg,0
Image_1552.jpg,0
Image_1553.jpg,0
Image_1554.jpg,0
Image_1555.jpg,0
Image_1556.jpg,0
Image_1557.jpg,0
Image_1558.jpg,0
Image_1559.jpg,0
Image_1560.jpg,0
Image_1561.jpg,0
Image_1562.jpg,0
Image_1563.jpg,0
Image_1564.jpg,0
Image_1565.jpg,0
Image_1566.jpg,0
Image_1567.jpg,0
Image_1568.jpg,0
Image_1569.jpg,0
Image_1570.jpg,0
Image_1571.jpg,0
Image_1572.jpg,0
Image_1573.jpg,0
Image_1574.jpg,0
Image_1575.jpg,0
Image_1576.jpg,0
Image_1577.jpg,0
Image_1578.jpg,0
Image_1579.jpg,0
Image_1580.jpg,0
Image_1581.jpg,0
Image_1582.jpg,0
Image_1583.jpg,0
Image_1584.jpg,0
Image_1585.jpg,0
Image_1586.jpg,0
Image_1587.jpg,0
Image_1588.jpg,0
Image_1589.jpg,0
Image_1590.jpg,0
Image_1591.jpg,0
Image_1592.jpg,0
Image_1593.jpg,0
Image_1594.jpg,0
Image_1595.jpg,0
Image_1596.jpg,0
Image_1597.jpg,0
Image_1598.jpg,0
Image_1599.jpg,0
Image_1600.jpg,0
Image_1601.jpg,0
Image_1602.jpg,0
Image_1603.jpg,0
Image_1604.jpg,0
Image_1605.jpg,0
Image_1606.jpg,0
Image_1607.jpg,0
Image_1608.jpg,0
Image_1609.jpg,0
Image_1610.jpg,0
Image_1611.jpg,0
Image_1612.jpg,0
Image_1613.jpg,0
Image_1614.jpg,0
Image_1615.jpg,0
Image_1616.jpg,0
Image_1617.jpg,0
Image_1618.jpg,0
Image_1619.jpg,0
Image_1620.jpg,0
Image_1621.jpg,0
Image_1622.jpg,0
Image_1623.jpg,0
Image_1624.jpg,0
Image_1625.jpg,0
Image_1626.jpg,0
Image_1627.jpg,0
Image_1628.jpg,0
Image_1629.jpg,0
Image_1630.jpg,0
Image_1631.jpg,0
Image_1632.jpg,0
Image_1633.jpg,0
Image_1634.jpg,0
Image_1635.jpg,0
Image_1636.jpg,0
Image_1637.jpg,0
Image_1638.jpg,0
Image_1639.jpg,0
Image_1640.jpg,0
Image_1641.jpg,0
Image_1642.jpg,0
Image_1643.jpg,0
Image_1644.jpg,0
Image_1645.jpg,0
Image_1646.jpg,0
Image_1647.jpg,0
Image_1648.jpg,0
Image_1649.jpg,0
Image_1650.jpg,0
Image_1651.jpg,0
Image_1652.jpg,0
Image_1653.jpg,0
Image_1654.jpg,0
Image_1655.jpg,0
Image_1656.jpg,0
Image_1657.jpg,0
Image_1658.jpg,0
Image_1659.jpg,0
Image_1660.jpg,0
Image_1661.jpg,0
Image_1662.jpg,0
Image_1663.jpg,0
Image_1664.jpg,0
Image_1665.jpg,0
Image_1666.jpg,0
Image_1667.jpg,0
Image_1668.jpg,0
Image_1669.jpg,0
Image_1670.jpg,0
Image_1671.jpg,0
Image_1672.jpg,0
Image_1673.jpg,0
Image_1674.jpg,0
Image_1675.jpg,0
Image_1676.jpg,0
Image_1677.jpg,0
Image_1678.jpg,0
Image_1679.jpg,0
Image_1680.jpg,0
Image_1681.jpg,0
Image_1682.jpg,0
Image_1683.jpg,0
Image_1684.jpg,0
Image_1685.jpg,0
Image_1686.jpg,0
Image_1687.jpg,0
Image_1688.jpg,0
Image_1689.jpg,0
Image_1690.jpg,0
Image_1691.jpg,0
Image_1692.jpg,0
Image_1693.jpg,0
Image_1694.jpg,0
Image_1695.jpg,0
Image_1696.jpg,0
Image_1697.jpg,0
Image_1698.jpg,0
Image_1699.jpg,0
Image_1700.jpg,0
Image_1701.jpg,0
Image_1702.jpg,0
Image_1703.jpg,0
Image_1704.jpg,0
Image_1705.jpg,0
Image_1706.jpg,0
Image_1707.jpg,0
Image_1708.jpg,0
Image_1709.jpg,0
Image_1710.jpg,0
Image_1711.jpg,0
Image_1712.jpg,0
Image_1713.jpg,0
Image_1714.jpg,0
Image_1715.jpg,0
Image_1716.jpg,0
Image_1717.jpg,0
Image_1718.jpg,0
Image_1719.jpg,0
Image_1720.jpg,0
Image_1721.jpg,0
Image_1722.jpg,0
Image_1723.jpg,0
Image_1724.jpg,0
Image_1725.jpg,0
Image_1726.jpg,0
Image_1727.jpg,0
Image_1728.jpg,0
Image_1729.jpg,0
Image_1730.jpg,0
Image_1731.jpg,0
Image_1732.jpg,0
Image_1733.jpg,0
Image_1734.jpg,0
Image_1735.jpg,0
Image_1736.jpg,0
Image_1737.jpg,0
Image_1738.jpg,0
Image_1739.jpg,0
Image_1740.jpg,0
Image_1741.jpg,0
Image_1742.jpg,0
Image_1743.jpg,0
Image_1744.jpg,0
Image_1745.jpg,0
Image_1746.jpg,0
Image_1747.jpg,0
Image_1748.jpg,0
Image_1749.jpg,0
Image_1750.jpg,0
Image_1751.jpg,0
Image_1752.jpg,0
Image_1753.jpg,0
Image_1754.jpg,0
Image_1755.jpg,0
Image_1756.jpg,0
Image_1757.jpg,0
Image_1758.jpg,0
Image_1759.jpg,0
Image_1760.jpg,0
Image_1761.jpg,0
Image_1762.jpg,0
Image_1763.jpg,0
Image_1764.jpg,0
Image_1765.jpg,0
Image_1766.jpg,0
Image_1767.jpg,0
Image_1768.jpg,0
Image_1769.jpg,0
Image_1770.jpg,0
Image_1771.jpg,0
Image_1772.jpg,0
Image_1773.jpg,0
Image_1774.jpg,0
Image_1775.jpg,0
Image_1776.jpg,0
Image_1777.jpg,0
Image_1778.jpg,0
Image_1779.jpg,0
Image_1780.jpg,0
Image_1781.jpg,0
Image_1782.jpg,0
Image_1783.jpg,0
Image_1784.jpg,0
Image_1785.jpg,0
Image_1786.jpg,0
Image_1787.jpg,0
Image_1788.jpg,0
Image_1789.jpg,0
Image_1790.jpg,0
Image_1791.jpg,0
Image_1792.jpg,0
Image_1793.jpg,0
Image_1794.jpg,0
Image_1795.jpg,0
Image_1796.jpg,0
Image_1797.jpg,0
Image_1798.jpg,0
Image_1799.jpg,0
Image_1800.jpg,0
Image_1801.jpg,0
Image_1802.jpg,0
Image_1803.jpg,0
Image_1804.jpg,0
Image_1805.jpg,0
Image_1806.jpg,0
Image_1807.jpg,0
Image_1808.jpg,0
Image_1809.jpg,0
Image_1810.jpg,0
Image_1811.jpg,0
Image_1812.jpg,0
Image_1813.jpg,0
Image_1814.jpg,0
Image_1815.jpg,0
Image_1816.jpg,0
Image_1817.jpg,0
Image_1818.jpg,0
Image_1819.jpg,0
Image_1820.jpg,0
Image_1821.jpg,0
Image_1822.jpg,0
Image_1823.jpg,0
Image_1824.jpg,0
Image_1825.jpg,0
Image_1826.jpg,0
Image_1827.jpg,0
Image_1828.jpg,0
Image_1829.jpg,0
Image_1830.jpg,0
Image_1831.jpg,0
Image_1832.jpg,0
Image_1833.jpg,0
Image_1834.jpg,0
Image_1835.jpg,0
Image_1836.jpg,0
Image_1837.jpg,0
Image_1838.jpg,0
Image_1839.jpg,0
Image_1840.jpg,0
Image_1841.jpg,0
Image_1842.jpg,0
Image_1843.jpg,0
Image_1844.jpg,0
Image_1845.jpg,0
Image_1846.jpg,0
Image_1847.jpg,0
Image_1848.jpg,0
Image_1849.jpg,0
Image_1850.jpg,0
Image_1851.jpg,0
Image_1852.jpg,0
Image_1853.jpg,0
Image_1854.jpg,0
Image_1855.jpg,0
Image_1856.jpg,0
Image_1857.jpg,0
Image_1858.jpg,0
Image_1859.jpg,0
Image_1860.jpg,0
Image_1861.jpg,0
Image_1862.jpg,0
Image_1863.jpg,0
Image_1864.jpg,0
Image_1865.jpg,0
Image_1866.jpg,0
Image_1867.jpg,0
Image_1868.jpg,0
Image_1869.jpg,0
Image_1870.jpg,0
Image_1871.jpg,0
Image_1872.jpg,0
Image_1873.jpg,0
Image_1874.jpg,0
Image_1875.jpg,0
Image_1876.jpg,0
Image_1877.jpg,0
Image_1878.jpg,0
Image_1879.jpg,0
Image_1880.jpg,0
Image_1881.jpg,0
Image_1882.jpg,0
Image_1883.jpg,0
Image_1884.jpg,0
Image_1885.jpg,0
Image_1886.jpg,0
Image_1887.jpg,0
Image_1888.jpg,0
Image_1889.jpg,0
Image_1890.jpg,0
Image_1891.jpg,0
Image_1892.jpg,0
Image_1893.jpg,0
Image_1894.jpg,0
Image_1895.jpg,0
Image_1896.jpg,0
Image_1897.jpg,0
Image_1898.jpg,0
Image_1899.jpg,0
Image_1900.jpg,0
Image_1901.jpg,0
Image_1902.jpg,0
Image_1903.jpg,0
Image_1904.jpg,0
Image_1905.jpg,0
Image_1906.jpg,0
Image_1907.jpg,0
Image_1908.jpg,0
Image_1909.jpg,0
Image_1910.jpg,0
Image_1911.jpg,0
Image_1912.jpg,0
Image_1913.jpg,0
Image_1914.jpg,0
Image_1915.jpg,0
Image_1916.jpg,0
Image_1917.jpg,0
Image_1918.jpg,0
Image_1919.jpg,0
Image_1920.jpg,0
Image_1921.jpg,0
Image_1922.jpg,0
Image_1923.jpg,0
Image_1924.jpg,0
Image_1925.jpg,0
Image_1926.jpg,0
Image_1927.jpg,0
Image_1928.jpg,0
Image_1929.jpg,0
Image_1930.jpg,0
Image_1931.jpg,0
Image_1932.jpg,0
Image_1933.jpg,0
Image_1934.jpg,0
Image_1935.jpg,0
Image_1936.jpg,0
Image_1937.jpg,0
Image_1938.jpg,0
Image_1939.jpg,0
Image_1940.jpg,0
Image_1941.jpg,0
Image_1942.jpg,0
Image_1943.jpg,0
Image_1944.jpg,0
Image_1945.jpg,0
Image_1946.jpg,0
Image_1947.jpg,0
Image_1948.jpg,0
Image_1949.jpg,0
Image_1950.jpg,0
Image_1951.jpg,0
Image_1952.jpg,0
Image_1953.jpg,0
Image_1954.jpg,0
Image_1955.jpg,0
Image_1956.jpg,0
Image_1957.jpg,0
Image_1958.jpg,0
